winter_def,diff_mean_resp_w_minus_nw,boot95_low_resp,boot95_high_resp,perm_pvalue_resp,diff_mean_share_w_minus_nw,boot95_low_share,boot95_high_share,perm_pvalue_share
may_aug,7.931978576255297,5.4159214339153,10.445806312316412,0.0001999600079984003,0.033898791956013474,0.0259374821590933,0.042013056975969736,0.0001999600079984003
